{"total_loss": 3.3549981117248535, "iou_loss": 2.086979389190674, "l1_loss": 0.0, "conf_loss": 0.7279839515686035, "cls_loss": 0.5400347113609314, "_timestamp": 1649604213, "_runtime": 4935, "_step": 35300, "lr": 0.0002290436437354803, "val/SSDDAP50": 0.8571489883823925, "val/SSDDAP70": 0.7436635943913098, "val/SSDDAP50_95": 0.49059918035214245, "epoch": 37}