{"total_loss": 7.165375709533691, "iou_loss": 3.4454562664031982, "l1_loss": 0.0, "conf_loss": 2.9551093578338623, "cls_loss": 0.7648101449012756, "_timestamp": 1649851342, "_runtime": 155, "_step": 927, "lr": 0.0003125}