{"total_loss": 5.352542400360107, "iou_loss": 3.365189552307129, "l1_loss": 0.0, "conf_loss": 1.3040939569473267, "cls_loss": 0.683259129524231, "_timestamp": 1649817478, "_runtime": 633, "_step": 3714, "lr": 0.0003123053182286249, "val/SSDDAP50": 0.45421488560819, "val/SSDDAP70": 0.2540514900133485, "val/SSDDAP50_95": 0.1695296183346589, "epoch": 3}