{"total_loss": 5.605119228363037, "iou_loss": 2.738269329071045, "l1_loss": 1.0556896924972534, "conf_loss": 1.1096997261047363, "cls_loss": 0.7014605402946472, "_timestamp": 1649638869, "_runtime": 3017, "_step": 25081, "lr": 1.5625e-05, "val/SSDDAP50": 0.89986486570133, "val/SSDDAP70": 0.8604776444026531, "val/SSDDAP50_95": 0.5965826895965008, "epoch": 114}