{"total_loss": 9.215182304382324, "iou_loss": 4.568911552429199, "l1_loss": 0.0, "conf_loss": 3.9606401920318604, "cls_loss": 0.6856306195259094, "_timestamp": 1649850121, "_runtime": 156, "_step": 927, "lr": 0.0003125}